Sl,Date,Item Name,Weight,Invoice No,Customer Name,Quantity,Price,Discount,Total,Category
1,1/12/2024,Vigo Sosis Bakar,550g,1276,Walking Customer,1,27000,0,"27,000.00",Sosis
2,1/12/2024,BF Nugget Ceria,170g,1276,Walking Customer,1,12000,0,"12,000.00",Nuget
3,1/12/2024,So Nice Ayam,1Kg,1276,Walking Customer,1,30000,0,"30,000.00",Sosis
4,1/12/2024,Crunchy Nugget,140g,1277,Walking Customer,1,12000,0,"12,000.00",Nuget
5,1/12/2024,Royal Beef Frank Sausage,200g,1278,Walking Customer,1,29000,0,"29,000.00",Sosis
6,1/12/2024,So Eco Nugget Ayam,1Kg,1278,Walking Customer,2,33000,0,"66,000.00",Nuget
7,1/11/2024,Mayonnaise Mamayo,1Kg,1271,Walking Customer,2,23500,0,"47,000.00",Bumbu
8,1/11/2024,Hemato Burger Sapi,250g,1271,Walking Customer,2,11000,0,"22,000.00",Smoke Beef
9,1/11/2024,Crunchy Nugget,140g,1272,Walking Customer,1,12000,0,"12,000.00",Nuget
10,1/11/2024,So Eco Nugget Ayam,1Kg,1273,Walking Customer,1,33000,0,"33,000.00",Nuget
11,1/11/2024,Crunchy Nugget,140g,1273,Walking Customer,1,12000,0,"12,000.00",Nuget
12,1/11/2024,Bakso Warisan AB Urat,700g,1274,Walking Customer,1,29000,0,"29,000.00",Bakso
13,1/11/2024,Crunchy Nugget,140g,1275,Walking Customer,2,12000,0,"24,000.00",Nuget
14,1/10/2024,Crunchy Nugget,140g,1267,Walking Customer,1,12000,0,"12,000.00",Nuget
15,1/10/2024,Vigo Sosis Bakar,550g,1267,Walking Customer,1,27000,0,"27,000.00",Sosis
16,1/10/2024,Bakso Warisan AB Urat,700g,1268,Walking Customer,1,29000,0,"29,000.00",Bakso
17,1/10/2024,Hemato Burger Sapi,250g,1269,Walking Customer,1,11000,0,"11,000.00",Smoke Beef
18,1/10/2024,So Eco Nugget Ayam,1Kg,1270,Walking Customer,1,33000,0,"33,000.00",Nuget
19,1/10/2024,Sosis Kimbo Cheese Bratwurst,500g,1270,Walking Customer,1,31000,0,"31,000.00",Sosis
20,1/9/2024,Yona Beef Patties,500g,1265,Walking Customer,1,38000,0,"38,000.00",Smoke Beef
21,1/9/2024,Vigo Sosis Bakar,550g,1265,Walking Customer,1,27000,0,"27,000.00",Sosis
22,1/9/2024,So Eco Nugget Ayam,1Kg,1265,Walking Customer,1,33000,0,"33,000.00",Nuget
23,1/9/2024,Fiesta Shoestring,500g,1265,Walking Customer,1,22000,0,"22,000.00",Kentang
24,1/9/2024,Bamboe Tom Yam,60g,1265,Walking Customer,1,10000,0,"10,000.00",Bumbu
25,1/9/2024,Cheese Mozarella Zayco313,313g,1266,Walking Customer,1,34000,0,"34,000.00",Bumbu
26,1/9/2024,Cedea Fish Roll,500g,1266,Walking Customer,1,27000,0,"27,000.00",Fishroll
27,1/8/2024,Sunfish Chicken Dumpling,200g,1261,Walking Customer,1,15000,0,"15,000.00",Dumpling
28,1/8/2024,Cedea Fish Dumpling Cheese,200g,1261,Walking Customer,1,15000,0,"15,000.00",Dumpling
29,1/8/2024,Bakso Warisan AB Urat,700g,1262,Walking Customer,1,29000,0,"29,000.00",Bakso
30,1/8/2024,Cedea Fish Dumpling Chicken,200g,1263,Walking Customer,1,15000,0,"15,000.00",Dumpling
31,1/8/2024,Royal Golden Fillet,250g,1264,Walking Customer,1,30000,0,"30,000.00",Nuget
32,1/7/2024,Cedea Chikuwa Mini,250g,1252,Walking Customer,1,18000,0,"18,000.00",steamboat
33,1/7/2024,Cedea Fish Roll,250g,1252,Walking Customer,1,15000,0,"15,000.00",Fishroll
34,1/7/2024,UENAK NUGGET S,500g,1253,Walking Customer,1,22000,0,"22,000.00",Nuget
35,1/7/2024,Kanzler Crispy Chicken,450g,1254,Walking Customer,1,41000,0,"41,000.00",Nuget
36,1/7/2024,Fiesta Shoestring,500g,1254,Walking Customer,1,22000,0,"22,000.00",Kentang
37,1/7/2024,Royal Gangnam Chicken,200g,1255,Walking Customer,1,35000,0,"35,000.00",Nuget
38,1/7/2024,Bakso Warisan AB Urat,700g,1256,Walking Customer,2,29000,0,"58,000.00",Bakso
39,1/7/2024,Royal Cordon Bleu,250g,1256,Walking Customer,1,38000,0,"38,000.00",Nuget
40,1/7/2024,Fiesta Shoestring,500g,1256,Walking Customer,1,22000,0,"22,000.00",Kentang
41,1/7/2024,Bakso Warisan AB Urat,700g,1257,Walking Customer,1,29000,0,"29,000.00",Bakso
42,1/7/2024,FAVORITE CHICKEN STICK,250g,1258,Walking Customer,1,18000,0,"18,000.00",Nuget
43,1/7/2024,Fiesta Shoestring,500g,1259,Walking Customer,1,22000,0,"22,000.00",Kentang
44,1/7/2024,Bakso Warisan AB Urat,700g,1259,Walking Customer,1,29000,0,"29,000.00",Bakso
45,1/7/2024,Kanzler Crispy Chicken,450g,1259,Walking Customer,1,41000,0,"41,000.00",Nuget
46,1/7/2024,UENAAAK Sosis Bakar,475g,1260,Walking Customer,1,28000,0,"28,000.00",Sosis
47,1/7/2024,Vigo Sosis Bakar,550g,1260,Walking Customer,1,27000,0,"27,000.00",Sosis
48,1/6/2024,Bakso Warisan AB Urat,700g,1249,Walking Customer,1,29000,0,"29,000.00",Bakso
49,1/6/2024,So Eco Nugget Ayam,1Kg,1250,Walking Customer,1,33000,0,"33,000.00",Nuget
50,1/6/2024,UENAAAK Sosis Ayam,475g,1250,Walking Customer,1,20000,0,"20,000.00",Sosis
51,1/6/2024,FAVORITE CHICKEN STICK,250g,1251,Walking Customer,1,18000,0,"18,000.00",Nuget
52,1/5/2024,Royal Gangnam Chicken,200g,1246,Walking Customer,1,35000,0,"35,000.00",Nuget
53,1/5/2024,So Eco Nugget Ayam,1Kg,1247,Walking Customer,1,33000,0,"33,000.00",Nuget
54,1/5/2024,Vigo Sosis Bakar,550g,1247,Walking Customer,1,27000,0,"27,000.00",Sosis
55,1/5/2024,Bakso Warisan AB Urat,700g,1247,Walking Customer,1,29000,0,"29,000.00",Bakso
56,1/5/2024,Crunchy Nugget,140g,1248,Walking Customer,2,12000,0,"24,000.00",Nuget
57,1/5/2024,Royal Golden Fillet,250g,1248,Walking Customer,1,30000,0,"30,000.00",Nuget
58,1/4/2024,So Eco Nugget Ayam,1Kg,1239,Walking Customer,1,33000,0,"33,000.00",Nuget
59,1/4/2024,Bakso Warisan AB Urat,700g,1240,Walking Customer,3,29000,0,"87,000.00",Bakso
60,1/4/2024,So Eco Nugget Ayam,1Kg,1241,Walking Customer,1,33000,0,"33,000.00",Nuget
61,1/4/2024,So Eco Nugget Ayam,1Kg,1242,Walking Customer,1,33000,0,"33,000.00",Nuget
62,1/4/2024,Bakso Warisan AB Urat,700g,1243,Walking Customer,2,29000,0,"58,000.00",Bakso
63,1/4/2024,Hemato Burger Sapi,250g,1244,Walking Customer,2,11000,0,"22,000.00",Smoke Beef
64,1/4/2024,Mayonnaise Mamayo,1Kg,1244,Walking Customer,2,23500,0,"47,000.00",Bumbu
65,1/4/2024,Royal Cordon Bleu,250g,1245,Walking Customer,2,38000,0,"76,000.00",Nuget
66,1/4/2024,Royal Hongdae Chicken,200g,1245,Walking Customer,1,33000,0,"33,000.00",Nuget
67,1/4/2024,UENAAAK Sosis Ayam,70g,1245,Walking Customer,1,5000,0,"5,000.00",Sosis
68,1/3/2024,BF Nugget Ceria,170g,1236,Walking Customer,1,12000,0,"12,000.00",Nuget
69,1/3/2024,Sosis Kimbo Cheese Bratwurst,500g,1235,Walking Customer,1,31000,0,"31,000.00",Sosis
70,1/3/2024,Bakso Warisan AB Urat,700g,1237,Walking Customer,1,29000,0,"29,000.00",Bakso
71,1/3/2024,UENAK Small Nugget,250g,1237,Walking Customer,1,13000,0,"13,000.00",Nuget
72,1/3/2024,Fiesta Shoestring,500g,1237,Walking Customer,1,22000,0,"22,000.00",Kentang
73,1/3/2024,UENAAAK Sosis Ayam,475g,1238,Walking Customer,1,20000,0,"20,000.00",Sosis
74,1/2/2024,Shifudo Steamboat,500g,1225,Walking Customer,1,33000,0,"33,000.00",steamboat
75,1/2/2024,Bamboe Tom Yam,60g,1225,Walking Customer,1,10000,0,"10,000.00",Bumbu
76,1/2/2024,Sunfish Chicken Dumpling,200g,1225,Walking Customer,1,15000,0,"15,000.00",Dumpling
77,1/2/2024,Sosis Kimbo Bratwurst,500g,1225,Walking Customer,1,31000,0,"31,000.00",Sosis
78,1/2/2024,Fiesta Shoestring,500g,1225,Walking Customer,1,22000,0,"22,000.00",Kentang
79,1/2/2024,UENAAAK Chicken Stick,250g,1226,Walking Customer,1,13000,0,"13,000.00",Nuget
80,1/2/2024,Fiesta Shoestring,500g,1227,Walking Customer,1,22000,0,"22,000.00",Kentang
81,1/2/2024,FAVORITE Chicken Nugget,250g,1227,Walking Customer,1,18000,0,"18,000.00",Nuget
82,1/2/2024,FAVORITE CHICKEN STICK,250g,1227,Walking Customer,1,18000,0,"18,000.00",Nuget
83,1/2/2024,BF Nugget Ceria,170g,1228,Walking Customer,1,12000,0,"12,000.00",Nuget
84,1/2/2024,Crunchy Nugget,140g,1229,Walking Customer,1,12000,0,"12,000.00",Nuget
85,1/2/2024,BF Nugget Ceria,170g,1230,Walking Customer,1,12000,0,"12,000.00",Nuget
86,1/2/2024,UENAAAK Sosis Ayam,475g,1231,Walking Customer,1,20000,0,"20,000.00",Sosis
87,1/2/2024,Crunchy Nugget,140g,1232,Walking Customer,1,12000,0,"12,000.00",Nuget
88,1/2/2024,Vigo Sosis Bakar,550g,1233,Walking Customer,2,27000,0,"54,000.00",Sosis
89,1/2/2024,Sunfish Chikuwa Mini,200g,1234,Walking Customer,1,15000,0,"15,000.00",steamboat
90,1/2/2024,UENAAAK Sosis Ayam,475g,1234,Walking Customer,1,20000,0,"20,000.00",Sosis
91,1/1/2024,Bakso Warisan AB Urat,700g,1217,Walking Customer,1,29000,0,"29,000.00",Bakso
92,1/1/2024,Bakso Warisan AB Urat,700g,1219,Walking Customer,1,29000,0,"29,000.00",Bakso
93,1/1/2024,Shifudo Steamboat,500g,1220,Walking Customer,2,33000,0,"66,000.00",steamboat
94,1/1/2024,UENAAAK Sosis Bakar,475g,1220,Walking Customer,1,28000,0,"28,000.00",Sosis
95,1/1/2024,Bamboe Tom Yam,60g,1220,Walking Customer,2,10000,0,"20,000.00",Bumbu
96,1/1/2024,Shifudo Steamboat,500g,1221,Walking Customer,1,33000,0,"33,000.00",steamboat
97,1/1/2024,Bamboe Tom Yam,60g,1221,Walking Customer,1,10000,0,"10,000.00",Bumbu
98,1/1/2024,Cedea Fish Dumpling Cheese,200g,1222,Walking Customer,1,15000,0,"15,000.00",Dumpling
99,1/1/2024,UENAK Small Nugget,250g,1223,Walking Customer,1,13000,0,"13,000.00",Nuget
100,1/1/2024,SOSIS AYAM SP,200g,1223,Walking Customer,1,12000,0,"12,000.00",Sosis
101,1/1/2024,Shifudo Steamboat,500g,1223,Walking Customer,1,33000,0,"33,000.00",steamboat
102,1/1/2024,Vigo Sosis Bakar,550g,1224,Walking Customer,1,27000,0,"27,000.00",Sosis
103,1/1/2024,Fiesta Shoestring,500g,1224,Walking Customer,1,22000,0,"22,000.00",Kentang
104,12/31/2023,Bakso Warisan Bakar,350g,1195,Walking Customer,2,17000,0,"34,000.00",Bakso
105,12/31/2023,Nidia Sosis Sapi,500g,1195,Walking Customer,1,26000,0,"26,000.00",Sosis
106,12/31/2023,Vigo Sosis Bakar,550g,1194,Walking Customer,2,27000,0,"54,000.00",Sosis
107,12/31/2023,Teman Laut Bakso Ikan,200g,1195,Walking Customer,2,12000,0,"24,000.00",Bakso
108,12/31/2023,Cedea Crab Stick,250g,1195,Walking Customer,1,17000,0,"17,000.00",Lainnya
109,12/31/2023,So Nice Ayam,1Kg,1195,Walking Customer,1,31000,0,"31,000.00",Sosis
110,12/31/2023,Vigo Sosis Bakar,550g,1196,Walking Customer,1,26000,0,"26,000.00",Sosis
111,12/31/2023,Bakso Warisan Bakar,350g,1196,Walking Customer,1,16500,0,"16,500.00",Bakso
112,12/31/2023,Sosis Kimbo Bratwurst,500g,1197,Walking Customer,1,30000,0,"30,000.00",Sosis
113,12/31/2023,So Nice Ayam,1Kg,1197,Walking Customer,1,31000,0,"31,000.00",Sosis
114,12/31/2023,Sunfish Fish Roll,250g,1197,Walking Customer,1,15000,0,"15,000.00",Fishroll
115,12/31/2023,Vigo Sosis Bakar,550g,1198,Walking Customer,1,26000,0,"26,000.00",Sosis
116,12/31/2023,Bakso Warisan Bakar,350g,1198,Walking Customer,1,16500,0,"16,500.00",Bakso
117,12/31/2023,Vigo Sosis Bakar,550g,1199,Walking Customer,1,27000,0,"27,000.00",Sosis
118,12/31/2023,Mydibel Shoe String,1Kg,1199,Walking Customer,1,37000,0,"37,000.00",Kentang
119,12/31/2023,Vigo Sosis Bakar,550g,1200,Walking Customer,1,27000,0,"27,000.00",Sosis
120,12/31/2023,Bakso Warisan AB Urat,700g,1201,Walking Customer,1,29000,0,"29,000.00",Bakso
121,12/31/2023,Bakso Warisan AB,700g,1201,Walking Customer,1,29000,0,"29,000.00",Bakso
122,12/31/2023,So Nice Ayam,1Kg,1201,Walking Customer,1,31000,0,"31,000.00",Sosis
123,12/31/2023,Bakso Warisan AB Urat,700g,1202,Walking Customer,1,29000,0,"29,000.00",Bakso
124,12/31/2023,BAKSO AYAM SP,100g,1203,Walking Customer,1,12000,0,"12,000.00",Bakso
125,12/31/2023,Vigo Sosis Bakar,550g,1203,Walking Customer,1,27000,0,"27,000.00",Sosis
126,12/31/2023,Vigo Sosis Bakar,550g,1204,Walking Customer,1,27000,0,"27,000.00",Sosis
127,12/31/2023,Shifudo Steamboat,500g,1205,Walking Customer,1,33000,0,"33,000.00",steamboat
128,12/31/2023,Vigo Sosis Bakar,550g,1205,Walking Customer,1,27000,0,"27,000.00",Sosis
129,12/31/2023,Bakso Warisan AB,700g,1205,Walking Customer,1,29000,0,"29,000.00",Bakso
130,12/31/2023,So Nice Ayam,1Kg,1206,Walking Customer,1,30000,0,"30,000.00",Sosis
131,12/31/2023,Bakso Warisan Bakar,350g,1207,Walking Customer,1,17000,0,"17,000.00",Bakso
132,12/31/2023,UENAAAK Sosis Ayam,475g,1207,Walking Customer,1,20000,0,"20,000.00",Sosis
133,12/31/2023,Vigo Sosis Bakar,550g,1208,Walking Customer,2,27000,0,"54,000.00",Sosis
134,12/31/2023,Fiesta Shoestring,500g,1208,Walking Customer,1,22000,0,"22,000.00",Kentang
135,12/31/2023,Vigo Sosis Bakar,550g,1209,Walking Customer,1,27000,0,"27,000.00",Sosis
136,12/31/2023,Sosis Kimbo Bratwurst,500g,1210,Walking Customer,1,31000,0,"31,000.00",Sosis
137,12/31/2023,Vigo Sosis Bakar,550g,1210,Walking Customer,2,27000,0,"54,000.00",Sosis
138,12/31/2023,Bamboe Tom Yam,60g,1210,Walking Customer,2,10000,0,"20,000.00",Bumbu
139,12/31/2023,Shifudo Steamboat,500g,1210,Walking Customer,1,33000,0,"33,000.00",steamboat
140,12/31/2023,Vigo Sosis Bakar,550g,1211,Walking Customer,1,27000,0,"27,000.00",Sosis
141,12/31/2023,Sosis Kimbo Bratwurst,500g,1212,Walking Customer,1,31000,0,"31,000.00",Sosis
142,12/31/2023,Bamboe Tom Yam,60g,1213,Walking Customer,1,10000,0,"10,000.00",Bumbu
143,12/31/2023,Vigo Sosis Bakar,550g,1214,Walking Customer,1,27000,0,"27,000.00",Sosis
144,12/31/2023,Bakso Warisan AB,700g,1214,Walking Customer,1,29000,0,"29,000.00",Bakso
145,12/31/2023,Bakso Warisan AB Urat,700g,1215,Walking Customer,1,29000,0,"29,000.00",Bakso
146,12/31/2023,Vigo Sosis Bakar,550g,1216,Walking Customer,1,27000,0,"27,000.00",Sosis
147,12/31/2023,Vigo Sosis Bakar,550g,1218,Walking Customer,3,27000,0,"81,000.00",Sosis
148,12/30/2023,Mydibel Shoe String,1Kg,1185,Walking Customer,1,37000,0,"37,000.00",Kentang
149,12/30/2023,FAVORITE CHICKEN STICK,250g,1185,Walking Customer,1,18000,0,"18,000.00",Nuget
150,12/30/2023,Vigo Sosis Bakar,550g,1185,Walking Customer,1,27000,0,"27,000.00",Sosis
151,12/30/2023,Bamboe Tom Yam,60g,1185,Walking Customer,2,10000,0,"20,000.00",Bumbu
152,12/30/2023,Crunchy Nugget,140g,1185,Walking Customer,1,12000,0,"12,000.00",Nuget
153,12/30/2023,Vigo Sosis Bakar,550g,1186,Walking Customer,1,27000,0,"27,000.00",Sosis
154,12/30/2023,Bakso Warisan AB,700g,1186,Walking Customer,1,29000,0,"29,000.00",Bakso
155,12/30/2023,Vigo Sosis Bakar,550g,1187,Walking Customer,1,27000,0,"27,000.00",Sosis
156,12/30/2023,Bakso Warisan AB,700g,1188,Walking Customer,1,29000,0,"29,000.00",Bakso
157,12/30/2023,So Nice Ayam,1Kg,1189,Walking Customer,2,30000,0,"60,000.00",Sosis
158,12/30/2023,Vigo Sosis Bakar,550g,1189,Walking Customer,1,27000,0,"27,000.00",Sosis
159,12/30/2023,Bamboe Tom Yam,60g,1189,Walking Customer,1,10000,0,"10,000.00",Bumbu
160,12/30/2023,Beef Slice teriyaki premium,500g,1189,Walking Customer,1,60000,0,"60,000.00",Beef Slice
161,12/30/2023,Shifudo Steamboat,500g,1190,Walking Customer,1,32000,0,"32,000.00",steamboat
162,12/30/2023,Bakso Warisan AB,700g,1190,Walking Customer,1,28000,0,"28,000.00",Bakso
163,12/30/2023,Bakso Warisan AB,700g,1191,Walking Customer,1,29000,0,"29,000.00",Bakso
164,12/30/2023,Royal Golden Fillet,250g,1192,Walking Customer,1,30000,0,"30,000.00",Nuget
165,12/30/2023,Bakso Warisan AB Urat,700g,1193,Walking Customer,1,29000,0,"29,000.00",Bakso
166,12/30/2023,Vigo Sosis Bakar,550g,1193,Walking Customer,1,27000,0,"27,000.00",Sosis
167,12/30/2023,Crunchy Nugget,140g,1193,Walking Customer,2,12000,0,"24,000.00",Nuget
168,12/29/2023,Vigo Sosis Bakar,550g,1181,Walking Customer,3,27000,0,"81,000.00",Sosis
169,12/29/2023,UENAK NUGGET S,500g,1181,Walking Customer,1,22000,0,"22,000.00",Nuget
170,12/29/2023,UENAAAK Sosis Ayam,345g,1181,Walking Customer,1,18000,0,"18,000.00",Sosis
171,12/29/2023,UENAAAK Sosis Ayam,475g,1181,Walking Customer,1,20000,0,"20,000.00",Sosis
172,12/29/2023,FAVORITE Chicken Nugget,250g,1181,Walking Customer,1,18000,0,"18,000.00",Nuget
173,12/29/2023,FAVORITE CHICKEN STICK,250g,1181,Walking Customer,1,20000,0,"20,000.00",Nuget
174,12/29/2023,Gogo Shoestring,1Kg,1181,Walking Customer,1,35000,0,"35,000.00",Kentang
175,12/29/2023,Mayonnaise Mamayo,180g,1181,Walking Customer,1,10000,0,"10,000.00",Bumbu
176,12/29/2023,Nidia Sosis Sapi,500g,1181,Walking Customer,2,26000,0,"52,000.00",Sosis
177,12/29/2023,Royal Busan Chicken Wings,200g,1181,Walking Customer,1,33000,0,"33,000.00",Nuget
178,12/29/2023,Royal Hongdae Chicken,200g,1181,Walking Customer,2,33000,0,"66,000.00",Nuget
179,12/29/2023,SOSIS AYAM SP,200g,1181,Walking Customer,1,12000,0,"12,000.00",Sosis
180,12/29/2023,Fiesta Shoestring,500g,1182,Walking Customer,1,22000,0,"22,000.00",Kentang
181,12/29/2023,Shifudo Steamboat,500g,1182,Walking Customer,1,33000,0,"33,000.00",steamboat
182,12/29/2023,Crunchy Nugget,140g,1182,Walking Customer,1,12000,0,"12,000.00",Nuget
183,12/29/2023,Bamboe Tom Yam,60g,1182,Walking Customer,1,10000,0,"10,000.00",Bumbu
184,12/29/2023,Shifudo Steamboat,500g,1183,Walking Customer,1,33000,0,"33,000.00",steamboat
185,12/29/2023,Royal Cordon Bleu,250g,1183,Walking Customer,1,38000,0,"38,000.00",Nuget
186,12/29/2023,Nidia Sosis Sapi,500g,1184,Walking Customer,1,26000,0,"26,000.00",Sosis
187,12/29/2023,UENAAAK Chicken Stick,250g,1181,Walking Customer,2,13000,0,"26,000.00",Nuget
188,12/29/2023,So Nice,750g,1181,Walking Customer,0.233333,30000,0,"6,999.99",Sosis
189,12/27/2023,Bakso Warisan AB,700g,1177,Walking Customer,1,29000,0,"29,000.00",Bakso
190,12/27/2023,Bakso Warisan AB Urat,700g,1178,Walking Customer,1,29000,0,"29,000.00",Bakso
191,12/27/2023,Vigo Sosis Bakar,550g,1179,Walking Customer,1,27000,0,"27,000.00",Sosis
192,12/27/2023,Beef Slice teriyaki premium,500g,1180,Walking Customer,2,60000,0,"120,000.00",Beef Slice
193,12/25/2023,Vigo Sosis Bakar,550g,1170,Walking Customer,1,27000,0,"27,000.00",Sosis
194,12/25/2023,So Eco Nugget Ayam,1Kg,1171,Walking Customer,1,33000,0,"33,000.00",Nuget
195,12/25/2023,NUGGET SP,170g,1172,Walking Customer,1,12000,0,"12,000.00",Nuget
196,12/25/2023,Bakso Warisan AB Urat,700g,1173,Walking Customer,1,29000,0,"29,000.00",Bakso
197,12/25/2023,UENAK NUGGET S,500g,1174,Walking Customer,1,22000,0,"22,000.00",Nuget
198,12/25/2023,Vigo Sosis Bakar,550g,1175,Walking Customer,1,27000,0,"27,000.00",Sosis
199,12/25/2023,FAVORITE Chicken Nugget,250g,1176,Walking Customer,1,18000,0,"18,000.00",Nuget
200,12/22/2023,Fiesta Shoestring,500g,1164,Walking Customer,1,22000,0,"22,000.00",Kentang
201,12/22/2023,Bakso Warisan AB Urat,700g,1165,Walking Customer,1,29000,0,"29,000.00",Bakso
202,12/22/2023,Bakso Warisan AB Urat,700g,1166,Walking Customer,1,29000,0,"29,000.00",Bakso
203,12/22/2023,FAVORITE Chicken Nugget,250g,1167,Walking Customer,1,18000,0,"18,000.00",Nuget
204,12/22/2023,Kanzler Crispy Chicken,450g,1168,Walking Customer,1,41000,0,"41,000.00",Nuget
205,12/22/2023,Vigo Sosis Bakar,550g,1169,Walking Customer,1,27000,0,"27,000.00",Sosis
206,12/20/2023,BF Nugget Ceria,170g,1158,Walking Customer,1,12000,0,"12,000.00",Nuget
207,12/20/2023,Royal Busan Chicken Wings,200g,1159,Walking Customer,1,33000,0,"33,000.00",Nuget
208,12/20/2023,FAVORITE Chicken Nugget,250g,1160,Walking Customer,1,18000,0,"18,000.00",Nuget
209,12/20/2023,Cedea Crab Stick,250g,1161,Walking Customer,1,17000,0,"17,000.00",Lainnya
210,12/20/2023,Sunfish Chicken Dumpling,200g,1161,Walking Customer,1,15000,0,"15,000.00",Dumpling
211,12/20/2023,Cedea Fish Dumpling Cheese,200g,1161,Walking Customer,1,15000,0,"15,000.00",Dumpling
212,12/20/2023,UENAAAK Sosis Ayam,475g,1161,Walking Customer,1,20000,0,"20,000.00",Sosis
213,12/20/2023,Sunfish Fish Roll,250g,1161,Walking Customer,1,15000,0,"15,000.00",Fishroll
214,12/20/2023,BF Nugget Ceria,170g,1162,Walking Customer,1,12000,0,"12,000.00",Nuget
215,12/20/2023,Beef Slice teriyaki premium,500g,1163,Walking Customer,1,60000,0,"60,000.00",Beef Slice
216,12/19/2023,Kanzler Crispy Chicken,450g,1153,Walking Customer,1,41000,0,"41,000.00",Nuget
217,12/19/2023,Crunchy Nugget,140g,1154,Walking Customer,1,12000,0,"12,000.00",Nuget
218,12/19/2023,Royal Gangnam Chicken,200g,1155,Walking Customer,1,35000,0,"35,000.00",Nuget
219,12/19/2023,Bakso Tomyam Ikan Mix,500g,1156,Walking Customer,1,33000,0,"33,000.00",Bakso
220,12/19/2023,UENAAAK Sosis Ayam,475g,1156,Walking Customer,1,20000,0,"20,000.00",Sosis
221,12/19/2023,Sunfish Fish Roll,250g,1156,Walking Customer,1,17000,0,"17,000.00",Fishroll
222,12/19/2023,Bakso Warisan AB Urat,700g,1157,Walking Customer,1,29000,0,"29,000.00",Bakso
223,12/18/2023,Bakso Warisan AB Urat,700g,1152,Walking Customer,1,29000,0,"29,000.00",Bakso
224,12/18/2023,BFI Kentang Goreng Shoestring,200g,1152,Walking Customer,1,12000,0,"12,000.00",Kentang
225,12/18/2023,BF Nugget Ceria,170g,1152,Walking Customer,1,12000,0,"12,000.00",Nuget
226,12/17/2023,Akumo Ayam,250g,1149,Walking Customer,1,15000,0,"15,000.00",Nuget
227,12/17/2023,BAKSO AYAM SP,100g,1150,Walking Customer,1,12000,0,"12,000.00",Bakso
228,12/17/2023,Bakso Warisan AB Urat,700g,1151,Walking Customer,1,29000,0,"29,000.00",Bakso
229,12/16/2023,ROYAL NUGGET S,470g,1146,Walking Customer,1,45000,0,"45,000.00",Nuget
230,12/16/2023,Royal Hongdae Chicken,200g,1146,Walking Customer,1,33000,0,"33,000.00",Nuget
231,12/16/2023,Royal Gangnam Chicken,200g,1146,Walking Customer,3,35000,0,"105,000.00",Nuget
232,12/16/2023,Beef Coctail,190g,1146,Walking Customer,1,19000,0,"19,000.00",Sosis
233,12/16/2023,Vigo Sosis Bakar,550g,1146,Walking Customer,2,27000,0,"54,000.00",Sosis
234,12/16/2023,Crunchy Nugget,140g,1146,Walking Customer,2,12000,0,"24,000.00",Nuget
235,12/16/2023,So Eco Nugget Ayam,1Kg,1146,Walking Customer,1,33000,0,"33,000.00",Nuget
236,12/16/2023,FAVORITE CHICKEN STICK,250g,1147,Walking Customer,1,18000,0,"18,000.00",Nuget
237,12/16/2023,Sunfish Chikuwa Mini,200g,1148,Walking Customer,1,14000,0,"14,000.00",steamboat
238,12/16/2023,Sunfish Crab Stick,250g,1148,Walking Customer,1,17000,0,"17,000.00",Lainnya
239,12/16/2023,Sunfish Fish Roll,250g,1148,Walking Customer,1,15000,0,"15,000.00",Fishroll
240,12/15/2023,So Eco Nugget Ayam,1Kg,1138,Walking Customer,1,33000,0,"33,000.00",Nuget
241,12/15/2023,So Eco Nugget Ayam,1Kg,1139,Walking Customer,1,33000,0,"33,000.00",Nuget
242,12/15/2023,So Eco Nugget Ayam,1Kg,1140,Walking Customer,1,33000,0,"33,000.00",Nuget
243,12/15/2023,Bakso Warisan AB Urat,700g,1141,Walking Customer,1,29000,0,"29,000.00",Bakso
244,12/15/2023,UENAAAK Sosis Ayam,475g,1142,Walking Customer,1,20000,0,"20,000.00",Sosis
245,12/15/2023,Vigo Sosis Bakar,550g,1143,Walking Customer,1,27000,0,"27,000.00",Sosis
246,12/15/2023,Teman Laut Bakso Ikan,200g,1144,Walking Customer,1,12000,0,"12,000.00",Bakso
247,12/15/2023,Crunchy Nugget,140g,1144,Walking Customer,1,12000,0,"12,000.00",Nuget
248,12/15/2023,Royal Golden Fillet,250g,1145,Walking Customer,2,30000,0,"60,000.00",Nuget
249,12/14/2023,Roti Bernard Burger,500g,1137,Walking Customer,1,15000,0,"15,000.00",Roti
250,12/14/2023,Nidia Sosis Sapi,500g,1137,Walking Customer,1,26000,0,"26,000.00",Sosis
251,12/12/2023,Bakso Warisan AB Urat,700g,1132,Walking Customer,1,29000,0,"29,000.00",Bakso
252,12/12/2023,Bakso Warisan AB Urat,700g,1133,Walking Customer,1,29000,0,"29,000.00",Bakso
253,12/12/2023,Nidia Sosis Sapi,500g,1133,Walking Customer,1,26000,0,"26,000.00",Sosis
254,12/12/2023,FAVORITE CHICKEN STICK,250g,1133,Walking Customer,1,18000,0,"18,000.00",Nuget
255,12/12/2023,Delimax Smoke Beef,200g,1134,Walking Customer,1,22000,0,"22,000.00",Smoke Beef
256,12/12/2023,Kanzler Beef Coktail,250g,1135,Walking Customer,1,30000,0,"30,000.00",Sosis
257,12/12/2023,Champ Chicken Nugget,250g,1135,Walking Customer,1,23000,0,"23,000.00",Nuget
258,12/12/2023,So Eco Nugget Ayam,1Kg,1136,Walking Customer,1,33000,0,"33,000.00",Nuget
259,12/11/2023,Kanzler Beef Coktail,250g,1131,Walking Customer,1,30000,0,"30,000.00",Sosis
260,12/11/2023,Bakso Warisan AB Urat,700g,1131,Walking Customer,1,29000,0,"29,000.00",Bakso
261,12/10/2023,Teman Laut Bakso Ikan,200g,1129,Walking Customer,1,12000,0,"12,000.00",Bakso
262,12/10/2023,Champ Chicken Sausage,375g,1130,Walking Customer,1,20000,0,"20,000.00",Sosis
263,12/9/2023,Bakso Warisan AB Urat,700g,1124,Walking Customer,1,29000,0,"29,000.00",Bakso
264,12/9/2023,Kanzler Crispy Chicken,450g,1125,Walking Customer,1,41000,0,"41,000.00",Nuget
265,12/9/2023,UENAAAK Sosis Ayam,475g,1125,Walking Customer,1,20000,0,"20,000.00",Sosis
266,12/9/2023,Fiesta Shoestring,500g,1125,Walking Customer,1,22000,0,"22,000.00",Kentang
267,12/9/2023,ROYAL NUGGET S,470g,1125,Walking Customer,1,45000,0,"45,000.00",Nuget
268,12/9/2023,BF Nugget Ceria,170g,1126,Walking Customer,2,12000,0,"24,000.00",Nuget
269,12/9/2023,Bakso Warisan AB Urat,700g,1127,Walking Customer,4,29000,0,"116,000.00",Bakso
270,12/9/2023,Champ Chicken Nugget,250g,1128,Walking Customer,1,23000,0,"23,000.00",Nuget
271,12/8/2023,NUGGET SP,170g,1118,Walking Customer,1,12000,0,"12,000.00",Nuget
272,12/8/2023,FAVORITE Chicken Nugget,250g,1119,Walking Customer,1,18000,0,"18,000.00",Nuget
273,12/8/2023,Vigo Sosis Bakar,550g,1120,Walking Customer,1,27000,0,"27,000.00",Sosis
274,12/8/2023,UENAAAK Sosis Ayam,475g,1120,Walking Customer,1,20000,0,"20,000.00",Sosis
275,12/8/2023,UENAK Sosis Ayam,75g,1121,Walking Customer,2,5000,0,"10,000.00",Sosis
276,12/8/2023,So Eco Nugget Ayam,1Kg,1122,Walking Customer,1,33000,0,"33,000.00",Nuget
277,12/8/2023,Fiesta Shoestring,500g,1123,Walking Customer,1,22000,0,"22,000.00",Kentang
278,12/6/2023,UENAAAK Sosis Bakar,475g,1111,Walking Customer,1,28000,0,"28,000.00",Sosis
279,12/6/2023,BF Nugget Ceria,170g,1112,Walking Customer,1,12000,0,"12,000.00",Nuget
280,12/6/2023,Bakso Warisan AB Urat,700g,1113,Walking Customer,1,29000,0,"29,000.00",Bakso
281,12/6/2023,BF Nugget Ceria,170g,1114,Walking Customer,1,12000,0,"12,000.00",Nuget
282,12/6/2023,Bakso Warisan AB Urat,700g,1115,Walking Customer,1,29000,0,"29,000.00",Bakso
283,12/6/2023,So Eco Nugget Ayam,1Kg,1116,Walking Customer,1,33000,0,"33,000.00",Nuget
284,12/6/2023,Egg Chicken Roll,250g,1117,Walking Customer,1,22000,0,"22,000.00",Lainnya
285,12/5/2023,Cedea Fish Dumpling Cheese,200g,1105,Walking Customer,1,15000,0,"15,000.00",Dumpling
286,12/5/2023,Cedea Fish Dumpling Chicken,200g,1105,Walking Customer,1,15000,0,"15,000.00",Dumpling
287,12/5/2023,UENAAAK Sosis Ayam,345g,1106,Walking Customer,1,18000,0,"18,000.00",Sosis
288,12/5/2023,UENAK Sosis Ayam,75g,1107,Walking Customer,1,5000,0,"5,000.00",Sosis
289,12/5/2023,UENAAAK Sosis Bakar,475g,1108,Walking Customer,1,28000,0,"28,000.00",Sosis
290,12/5/2023,UENAK Sosis Ayam,75g,1109,Walking Customer,1,5000,0,"5,000.00",Sosis
291,12/5/2023,UENAK NUGGET S,500g,1110,Walking Customer,1,22000,0,"22,000.00",Nuget
292,12/4/2023,So Eco Nugget Ayam,1Kg,1098,Walking Customer,1,33000,0,"33,000.00",Nuget
293,12/4/2023,UENAAAK Sosis Ayam,345g,1099,Walking Customer,1,18000,0,"18,000.00",Sosis
294,12/4/2023,So Eco Nugget Ayam,1Kg,1100,Walking Customer,1,33000,0,"33,000.00",Nuget
295,12/4/2023,Bakso Warisan AB,700g,1101,Walking Customer,1,29000,0,"29,000.00",Bakso
296,12/4/2023,NUGGET SP,170g,1102,Walking Customer,1,12000,0,"12,000.00",Nuget
297,12/4/2023,Fiesta Crinkle Cut,500g,1103,Walking Customer,1,23000,0,"23,000.00",Kentang
298,12/4/2023,So Eco Nugget Ayam,1Kg,1104,Walking Customer,2,33000,0,"66,000.00",Nuget
299,12/3/2023,UENAAAK Sosis Ayam,345g,1094,Walking Customer,3,18000,0,"54,000.00",Sosis
300,12/3/2023,UENAAAK Sosis Bakar,475g,1094,Walking Customer,1,28000,0,"28,000.00",Sosis
301,12/3/2023,FAVORITE Chicken Nugget,250g,1094,Walking Customer,1,18000,0,"18,000.00",Nuget
302,12/3/2023,UENAK Small Nugget,250g,1094,Walking Customer,1,13000,0,"13,000.00",Nuget
303,12/3/2023,UENAAAK Chicken Stick,250g,1094,Walking Customer,1,13000,0,"13,000.00",Nuget
304,12/3/2023,Bakso Warisan AB Urat,700g,1095,Walking Customer,1,29000,0,"29,000.00",Bakso
305,12/3/2023,UENAK NUGGET S,500g,1096,Walking Customer,1,22000,0,"22,000.00",Nuget
306,12/3/2023,Bakso Warisan AB,700g,1097,Walking Customer,1,29000,0,"29,000.00",Bakso
307,12/2/2023,Bakso Warisan AB Urat,700g,1093,Walking Customer,1,29000,0,"29,000.00",Bakso
308,12/1/2023,Nidia Sosis Sapi,500g,1088,Walking Customer,2,26000,0,"52,000.00",Sosis
309,12/1/2023,Nidia Sosis Sapi,500g,1089,Walking Customer,1,26000,0,"26,000.00",Sosis
310,12/1/2023,ROYAL NUGGET S,470g,1089,Walking Customer,1,45000,0,"45,000.00",Nuget
311,12/1/2023,Bakso Warisan AB Urat,700g,1090,Walking Customer,1,29000,0,"29,000.00",Bakso
312,12/1/2023,Bakso Warisan AB,700g,1090,Walking Customer,2,29000,0,"58,000.00",Bakso
313,12/1/2023,Nidia Sosis Sapi,500g,1091,Walking Customer,1,26000,0,"26,000.00",Sosis
314,12/1/2023,Bakso Warisan AB Urat,700g,1092,Walking Customer,1,29000,0,"29,000.00",Bakso
315,11/30/2023,NUGGET SP,170g,1084,Walking Customer,1,12000,0,"12,000.00",Nuget
316,11/30/2023,So Eco Nugget Ayam,1Kg,1085,Walking Customer,1,33000,0,"33,000.00",Nuget
317,11/30/2023,Bakso Warisan AB Urat,700g,1086,Walking Customer,1,29000,0,"29,000.00",Bakso
318,11/30/2023,Gogo Shoestring,500g,1087,Walking Customer,1,35000,0,"35,000.00",Kentang
319,11/29/2023,Cedea Fish Dumpling Cheese,200g,1082,Walking Customer,1,15000,0,"15,000.00",Dumpling
320,11/29/2023,So Eco Nugget Ayam,1Kg,1083,Walking Customer,1,33000,0,"33,000.00",Nuget
321,11/28/2023,BF Nugget Ceria,170g,1079,Walking Customer,1,12000,0,"12,000.00",Nuget
322,11/28/2023,NUGGET SP,170g,1079,Walking Customer,1,12000,0,"12,000.00",Nuget
323,11/28/2023,BFI Kentang Goreng Shoestring,200g,1079,Walking Customer,1,12000,0,"12,000.00",Kentang
324,11/28/2023,FAVORITE Chicken Nugget,250g,1080,Walking Customer,1,19500,0,"19,500.00",Nuget
325,11/28/2023,NUGGET SP,170g,1081,Walking Customer,1,12000,0,"12,000.00",Nuget
326,11/28/2023,Royal Golden Fillet,250g,1081,Walking Customer,1,30000,0,"30,000.00",Nuget
327,11/27/2023,Akumo Ayam,250g,1073,Walking Customer,1,15000,0,"15,000.00",Nuget
328,11/27/2023,SOSIS AYAM SP,200g,1073,Walking Customer,1,12000,0,"12,000.00",Sosis
329,11/27/2023,Gogo Shoestring,500g,1074,Walking Customer,1,35000,0,"35,000.00",Kentang
330,11/27/2023,Vigo Sosis Bakar,550g,1075,Walking Customer,1,27000,0,"27,000.00",Sosis
331,11/27/2023,Donat Kentang 3D Mini,500g,1075,Walking Customer,1,20000,0,"20,000.00",Roti
332,11/27/2023,Royal Golden Fillet,250g,1076,Walking Customer,1,30000,0,"30,000.00",Nuget
333,11/27/2023,Royal Golden Fillet,250g,1077,Walking Customer,1,30000,0,"30,000.00",Nuget
334,11/27/2023,Nidia Sosis Sapi,500g,1078,Walking Customer,1,26000,0,"26,000.00",Sosis
335,11/26/2023,So Eco Nugget Ayam,1Kg,1066,Walking Customer,1,33000,0,"33,000.00",Nuget
336,11/26/2023,BF Nugget Ceria,170g,1067,Walking Customer,1,12000,0,"12,000.00",Nuget
337,11/26/2023,FAVORITE Chicken Nugget,250g,1067,Walking Customer,1,20000,0,"20,000.00",Nuget
338,11/26/2023,NUGGET SP,170g,1068,Walking Customer,1,12000,0,"12,000.00",Nuget
339,11/26/2023,SOSIS AYAM SP,200g,1068,Walking Customer,1,12000,0,"12,000.00",Sosis
340,11/26/2023,BAKSO AYAM SP,100g,1068,Walking Customer,1,12000,0,"12,000.00",Bakso
341,11/26/2023,BF Nugget Ceria,170g,1069,Walking Customer,1,12000,0,"12,000.00",Nuget
342,11/26/2023,SOSIS AYAM SP,200g,1069,Walking Customer,1,12000,0,"12,000.00",Sosis
343,11/26/2023,BAKSO AYAM SP,100g,1069,Walking Customer,1,12000,0,"12,000.00",Bakso
344,11/26/2023,Bakso Warisan AB,700g,1070,Walking Customer,1,29000,0,"29,000.00",Bakso
345,11/26/2023,Cedea Fish Dumpling Cheese,200g,1071,Walking Customer,1,15000,0,"15,000.00",Dumpling
346,11/26/2023,Jamur Enoki,100g,1072,Walking Customer,1,5000,0,"5,000.00",Lainnya
347,11/25/2023,BF Nugget Ceria,170g,1061,Walking Customer,1,12000,0,"12,000.00",Nuget
348,11/25/2023,NUGGET SP,170g,1061,Walking Customer,1,12000,0,"12,000.00",Nuget
349,11/25/2023,BFI Kentang Goreng Shoestring,200g,1061,Walking Customer,1,12000,0,"12,000.00",Kentang
350,11/25/2023,SOSIS AYAM SP,200g,1061,Walking Customer,1,12000,0,"12,000.00",Sosis
351,11/25/2023,UENAK NUGGET S,500g,1062,Walking Customer,1,22000,0,"22,000.00",Nuget
352,11/25/2023,Sunfish Otak-otak,500g,1063,Walking Customer,1,25000,0,"25,000.00",Lainnya
353,11/25/2023,Sunfish Chicken Dumpling,200g,1065,Walking Customer,1,15000,0,"15,000.00",Dumpling
354,11/24/2023,So Eco Nugget Ayam,1Kg,1056,Walking Customer,1,33000,0,"33,000.00",Nuget
355,11/24/2023,BF Nugget Ceria,170g,1057,Walking Customer,1,12000,0,"12,000.00",Nuget
356,11/24/2023,BFI Kentang Goreng Shoestring,200g,1058,Walking Customer,1,12000,0,"12,000.00",Kentang
357,11/24/2023,BF Nugget Ceria,170g,1059,Walking Customer,1,12000,0,"12,000.00",Nuget
358,11/24/2023,NUGGET SP,170g,1059,Walking Customer,1,12000,0,"12,000.00",Nuget
359,11/24/2023,UENAAAK Sosis Bakar,475g,1059,Walking Customer,1,28000,0,"28,000.00",Sosis
360,11/24/2023,Vitalia Smoke Beef,250g,1060,Walking Customer,1,15000,0,"15,000.00",Smoke Beef
361,11/24/2023,UENAAAK Chicken Stick,250g,1064,Walking Customer,1,13000,0,"13,000.00",Nuget
362,11/24/2023,BF Nugget Ceria,170g,1064,Walking Customer,1,12000,0,"12,000.00",Nuget
363,11/23/2023,Champ Chicken Sausage,375g,1053,Walking Customer,1,20000,0,"20,000.00",Sosis
364,11/23/2023,Nidia Sosis Sapi,500g,1054,Walking Customer,1,26000,0,"26,000.00",Sosis
365,11/23/2023,Mix Vegetable Frozenland,1Kg,1055,Walking Customer,1,26000,0,"26,000.00",Lainnya
366,11/21/2023,Vigo Sosis Bakar,550g,1049,Walking Customer,1,27000,0,"27,000.00",Sosis
367,11/21/2023,Mayonnaise Mamayo,180g,1050,Walking Customer,1,8000,0,"8,000.00",Bumbu
368,11/21/2023,Vigo Sosis Bakar,550g,1051,Walking Customer,1,27000,0,"27,000.00",Sosis
369,11/21/2023,So Eco Nugget Ayam,1Kg,1051,Walking Customer,1,33000,0,"33,000.00",Nuget
370,11/20/2023,Akumo Ayam,250g,1048,Walking Customer,1,15000,0,"15,000.00",Nuget
371,11/20/2023,Sunfish Fish Roll,250g,1048,Walking Customer,1,15000,0,"15,000.00",Fishroll
372,11/20/2023,So Eco Nugget Ayam,1Kg,1048,Walking Customer,1,33000,0,"33,000.00",Nuget
373,11/20/2023,Jamur Enoki,100g,1052,Walking Customer,2,5000,0,"10,000.00",Lainnya
374,11/20/2023,So Eco Nugget Ayam,1Kg,1052,Walking Customer,1,33000,0,"33,000.00",Nuget
375,11/19/2023,Bakso Warisan AB Urat,700g,1044,Walking Customer,1,29000,0,"29,000.00",Bakso
376,11/19/2023,Akumo Ayam,250g,1046,Walking Customer,1,15000,0,"15,000.00",Nuget
377,11/19/2023,Mayonnaise Maestro,100g,1047,Walking Customer,1,8000,0,"8,000.00",Bumbu
378,11/17/2023,Kanzler Crispy Chicken,450g,1042,Walking Customer,1,41000,0,"41,000.00",Nuget
379,11/17/2023,Akumo Ayam,250g,1042,Walking Customer,1,15000,0,"15,000.00",Nuget
380,11/17/2023,Akumo Ayam,250g,1045,Walking Customer,1,15000,0,"15,000.00",Nuget
381,11/16/2023,Delimax Smoke Beef,200g,1038,Walking Customer,1,22000,0,"22,000.00",Smoke Beef
382,11/16/2023,Bakso Warisan AB,700g,1038,Walking Customer,0.379278,29000,0,"10,999.06",Bakso
383,11/16/2023,Akumo Ayam,250g,1038,Walking Customer,1,14000,0,"14,000.00",Nuget
384,11/16/2023,So Eco Nugget Ayam,1Kg,1038,Walking Customer,1,33000,0,"33,000.00",Nuget
385,11/16/2023,So Eco Nugget Ayam,1Kg,1040,Walking Customer,2,33000,0,"66,000.00",Nuget
386,11/16/2023,So Eco Nugget Ayam,1Kg,1041,Walking Customer,1,33000,0,"33,000.00",Nuget
387,11/16/2023,Kanzler Beef Coktail,250g,1041,Walking Customer,1,31000,0,"31,000.00",Sosis
388,11/15/2023,Mayonnaise Mamayo,180g,1037,Walking Customer,1,8000,0,"8,000.00",Bumbu
389,11/15/2023,Akumo Ayam,250g,1037,Walking Customer,2,15000,0,"30,000.00",Nuget
390,11/15/2023,So Nice,750g,1037,Walking Customer,0.166667,30000,0,"5,000.01",Sosis
391,11/15/2023,Sunfish Chicken Dumpling,200g,1037,Walking Customer,1,15000,0,"15,000.00",Dumpling
392,11/15/2023,So Eco Nugget Ayam,1Kg,1037,Walking Customer,1,33000,0,"33,000.00",Nuget
393,11/15/2023,Bakso Warisan AB,700g,1037,Walking Customer,0.275862,29000,0,"8,000.00",Bakso
394,11/15/2023,Gogo Shoestring,500g,1037,Walking Customer,1,35000,0,"35,000.00",Kentang
395,11/15/2023,Roti Bernard Burger,500g,1037,Walking Customer,1,16000,0,"16,000.00",Roti
396,11/14/2023,Bakso Warisan AB,700g,1036,Walking Customer,1,29000,0,"29,000.00",Bakso
397,11/14/2023,Bakso Warisan AB Urat,700g,1036,Walking Customer,1,29000,0,"29,000.00",Bakso
398,11/14/2023,Jamur Enoki,100g,1036,Walking Customer,1,5000,0,"5,000.00",Lainnya
399,11/14/2023,Vigo Sosis Bakar,550g,1036,Walking Customer,1,27000,0,"27,000.00",Sosis
400,11/14/2023,Gogo Shoestring,500g,1036,Walking Customer,1,35000,0,"35,000.00",Kentang
401,11/14/2023,So Eco Nugget Ayam,1Kg,1036,Walking Customer,1,33000,0,"33,000.00",Nuget
402,11/13/2023,So Eco Nugget Ayam,1Kg,1035,Walking Customer,1,33000,0,"33,000.00",Nuget
403,11/13/2023,Vigo Sosis Bakar,550g,1035,Walking Customer,1,27000,0,"27,000.00",Sosis
404,11/13/2023,Jamur Enoki,100g,1035,Walking Customer,1,5000,0,"5,000.00",Lainnya
405,11/13/2023,Bakso Warisan AB,700g,1035,Walking Customer,1,29000,0,"29,000.00",Bakso
406,11/13/2023,Cedea Fish Dumpling Cheese,200g,1035,Walking Customer,1,15000,0,"15,000.00",Dumpling
407,11/12/2023,Bakso Warisan AB,700g,1034,Walking Customer,1,29000,0,"29,000.00",Bakso
408,11/12/2023,Vigo Sosis Bakar,550g,1034,Walking Customer,2,27000,0,"54,000.00",Sosis
409,11/12/2023,So Nice,750g,1034,Walking Customer,0.2,30000,0,"6,000.00",Sosis
410,11/12/2023,So Nice,250g,1034,Walking Customer,1,14000,0,"14,000.00",Sosis
411,11/12/2023,Mayonnaise Maestro,100g,1034,Walking Customer,1,7000,0,"7,000.00",Bumbu
412,11/12/2023,Champ Chicken Sausage,375g,1034,Walking Customer,1,20000,0,"20,000.00",Sosis
413,11/12/2023,Jamur Enoki,100g,1034,Walking Customer,1,5000,0,"5,000.00",Lainnya
414,11/11/2023,Delimax Smoke Beef,200g,1033,Walking Customer,1,22000,0,"22,000.00",Smoke Beef
415,11/11/2023,So Nice,250g,1033,Walking Customer,1,14000,0,"14,000.00",Sosis
416,11/11/2023,Kanzler Beef Coktail,250g,1033,Walking Customer,1,31000,0,"31,000.00",Sosis
417,11/10/2023,Sunfish Fish Roll,250g,1032,Walking Customer,1,15000,0,"15,000.00",Fishroll
418,11/10/2023,So Nice,750g,1032,Walking Customer,0.2,30000,0,"6,000.00",Sosis
419,11/10/2023,Kanzler Crispy Chicken,450g,1032,Walking Customer,1,42000,0,"42,000.00",Nuget
420,11/10/2023,Bakso Warisan AB,700g,1032,Walking Customer,1,29000,0,"29,000.00",Bakso
421,11/10/2023,Cedea Fish Dumpling Cheese,200g,1032,Walking Customer,1,15000,0,"15,000.00",Dumpling
422,11/10/2023,Champ Chicken Sausage,375g,1032,Walking Customer,1,20000,0,"20,000.00",Sosis
423,11/8/2023,Gogo Shoestring,500g,1031,Walking Customer,1,35000,0,"35,000.00",Kentang
424,11/5/2023,Jamur Enoki,100g,1030,Walking Customer,1,5000,0,"5,000.00",Lainnya
425,11/3/2023,Donat Kentang 3D Mini,500g,1029,Walking Customer,1,20000,0,"20,000.00",Roti
426,11/3/2023,Bakso Warisan AB Urat,700g,1029,Walking Customer,1,29000,0,"29,000.00",Bakso
427,11/3/2023,So Eco Nugget Ayam,1Kg,1029,Walking Customer,1,33000,0,"33,000.00",Nuget
428,11/3/2023,Akumo Ayam,500g,1029,Walking Customer,1,25000,0,"25,000.00",Nuget
429,11/3/2023,Bakso Tomyam Ikan Mix,500g,1029,Walking Customer,1,33000,0,"33,000.00",Bakso
430,11/3/2023,Bakso Warisan AB Urat,700g,1039,Walking Customer,6,29000,0,"174,000.00",Bakso
431,11/2/2023,Jamur Enoki,100g,1028,Walking Customer,1,5000,0,"5,000.00",Lainnya
432,11/2/2023,So Eco Nugget Ayam,1Kg,1028,Walking Customer,2,33000,0,"66,000.00",Nuget
433,11/2/2023,Bakso Warisan AB,700g,1028,Walking Customer,0.275868,29000,0,"8,000.17",Bakso
434,11/2/2023,Kanzler Beef Coktail,250g,1028,Walking Customer,1,31000,0,"31,000.00",Sosis
435,11/2/2023,Kanzler Crispy Chicken,450g,1028,Walking Customer,1,42000,0,"42,000.00",Nuget
436,11/1/2023,Roti Burger 88,500g,1027,Walking Customer,1,13000,0,"13,000.00",Roti
437,11/1/2023,Yona Beef Patties,500g,1027,Walking Customer,1,40000,0,"40,000.00",Smoke Beef
438,11/1/2023,So Eco Nugget Ayam,1Kg,1027,Walking Customer,1,33000,0,"33,000.00",Nuget
439,11/1/2023,Hemato Burger Sapi,250g,1027,Walking Customer,1,10000,0,"10,000.00",Smoke Beef
440,10/31/2023,Roti Burger 88,500g,1026,Walking Customer,1,13000,0,"13,000.00",Roti
441,10/31/2023,Delimax Smoke Beef,200g,1026,Walking Customer,1,22000,0,"22,000.00",Smoke Beef
442,10/31/2023,Mayonnaise Maestro,180g,1026,Walking Customer,1,7000,0,"7,000.00",Bumbu
443,10/31/2023,Gogo Shoestring,500g,1026,Walking Customer,1,35000,0,"35,000.00",Kentang
444,10/31/2023,Champ Crunchy Ayam,225g,1026,Walking Customer,1,18000,0,"18,000.00",Nuget
445,10/31/2023,Jamur Enoki,100g,1026,Walking Customer,1,5000,0,"5,000.00",Lainnya
446,10/31/2023,So Eco Nugget Ayam,1Kg,1043,Walking Customer,2,33000,0,"66,000.00",Nuget
447,10/31/2023,Roti Bernard Hot Dog,250g,1043,Walking Customer,1,15000,0,"15,000.00",Roti
448,10/31/2023,Real Good Susu,50ml,1043,Walking Customer,9,1500,0,"13,500.00",Lainnya
449,10/31/2023,Nidia Sosis Sapi,500g,1043,Walking Customer,1,26000,0,"26,000.00",Sosis
450,10/31/2023,Nidia Sosis Sapi,500g,1043,Walking Customer,1,26000,0,"26,000.00",Sosis
451,10/31/2023,Mayonnaise Maestro,80g,1043,Walking Customer,5,8000,0,"40,000.00",Bumbu
452,10/31/2023,Kanzler Beef Coktail,250g,1043,Walking Customer,1,31000,0,"31,000.00",Sosis
453,10/31/2023,Mayonnaise Maestro,100g,1043,Walking Customer,5,7000,0,"35,000.00",Bumbu
454,10/31/2023,Jamur Enoki,100g,1043,Walking Customer,2,5000,0,"10,000.00",Lainnya
455,10/31/2023,Fiesta Shoestring,500g,1043,Walking Customer,1,25000,0,"25,000.00",Kentang
456,10/31/2023,Fiesta Shoestring,500g,1043,Walking Customer,1,25000,0,"25,000.00",Kentang
457,10/31/2023,Donat Kentang 3D Mini,500g,1043,Walking Customer,2,20000,0,"40,000.00",Roti
458,10/31/2023,Cheese Mozarella Zayco313,313g,1043,Walking Customer,2,33000,0,"66,000.00",Bumbu
459,10/31/2023,Champ Crunchy Ayam,225g,1043,Walking Customer,4,18000,0,"72,000.00",Nuget
460,10/31/2023,Cedea Fish Roll,500g,1043,Walking Customer,1,25000,0,"25,000.00",Fishroll
461,10/31/2023,Cedea Fish Dumpling Cheese,200g,1043,Walking Customer,1,15000,0,"15,000.00",Dumpling
462,10/31/2023,Cedea Fish Dumpling Cheese,200g,1043,Walking Customer,1,15000,0,"15,000.00",Dumpling
463,10/31/2023,Cedea Fish Dumpling Cheese,200g,1043,Walking Customer,2,15000,0,"30,000.00",Dumpling
464,10/31/2023,Bakso Warisan AB Urat,700g,1043,Walking Customer,3,29000,0,"87,000.00",Bakso
465,10/31/2023,Bakso Warisan AB Urat,700g,1043,Walking Customer,1,29000,0,"29,000.00",Bakso
466,10/31/2023,Bakso Warisan AB,700g,1043,Walking Customer,1,29000,0,"29,000.00",Bakso
467,10/31/2023,Bakso Warisan AB,700g,1043,Walking Customer,1,29000,0,"29,000.00",Bakso
468,10/31/2023,Sunfish Fish Roll,250g,1043,Walking Customer,1,17000,0,"17,000.00",Fishroll
469,10/31/2023,Teman Laut Bakso Ikan,200g,1043,Walking Customer,1,12000,0,"12,000.00",Bakso
470,10/30/2023,Bakso Warisan AB Urat,700g,1025,Walking Customer,1,29000,0,"29,000.00",Bakso
471,10/30/2023,Bakso Warisan AB,700g,1025,Walking Customer,1,29000,0,"29,000.00",Bakso
472,10/30/2023,Nidia Sosis Sapi,500g,1025,Walking Customer,1,26000,0,"26,000.00",Sosis
473,10/30/2023,So Eco Nugget Ayam,1Kg,1025,Walking Customer,1,33000,0,"33,000.00",Nuget
474,10/30/2023,Akumo Ayam,250g,1025,Walking Customer,2,14000,0,"28,000.00",Nuget
475,10/30/2023,Champ Crunchy Ayam,225g,1025,Walking Customer,1,18000,0,"18,000.00",Nuget
476,10/29/2023,Fiesta Crispy Crunch Kulit Ayam,300g,1024,Walking Customer,1,28000,0,"28,000.00",Nuget
477,10/29/2023,Fish Dumpling Chicken,200g,1024,Walking Customer,1,15000,0,"15,000.00",Dumpling
478,10/29/2023,Real Good Susu,50ml,1024,Walking Customer,1,1500,0,"1,500.00",Lainnya
479,10/29/2023,So Eco Nugget Ayam,1Kg,1024,Walking Customer,1,33000,0,"33,000.00",Nuget
480,10/29/2023,So Eco Nugget Ayam,1Kg,1024,Walking Customer,1,33000,0,"33,000.00",Nuget
481,10/29/2023,Champ Crunchy Ayam,225g,1024,Walking Customer,1,18000,0,"18,000.00",Nuget
482,10/28/2023,Champ Chicken Sausage,375g,1023,Walking Customer,3,20000,0,"60,000.00",Sosis
483,10/28/2023,Fish Dumpling Chicken,200g,1023,Walking Customer,2,15000,0,"30,000.00",Dumpling
484,10/28/2023,Bakso Warisan AB,700g,1023,Walking Customer,0.275868,29000,0,"8,000.17",Bakso
485,10/27/2023,Cedea Fish Dumpling Cheese,200g,1022,Walking Customer,1,15000,0,"15,000.00",Dumpling
486,10/27/2023,Gaspol Roti Burger,500g,1022,Walking Customer,1,13000,0,"13,000.00",Roti
487,10/27/2023,Mayonnaise Mamayo,180g,1022,Walking Customer,1,10000,0,"10,000.00",Bumbu
488,10/27/2023,Vitalia Smoke Beef,250g,1022,Walking Customer,1,15000,0,"15,000.00",Smoke Beef
489,10/27/2023,Sunfish Fish Dumpling Cheese,500g,1022,Walking Customer,1,27000,0,"27,000.00",Dumpling
490,10/27/2023,Yona Beef Patties,500g,1022,Walking Customer,2,41000,0,"82,000.00",Smoke Beef
491,10/26/2023,So Eco Nugget Ayam,1Kg,1021,Walking Customer,1,33000,0,"33,000.00",Nuget
492,10/26/2023,So Eco Nugget Ayam,1Kg,1021,Walking Customer,1,33000,0,"33,000.00",Nuget
493,10/26/2023,Bakso Warisan AB Urat,700g,1021,Walking Customer,1,29000,0,"29,000.00",Bakso
494,10/26/2023,Belfood Ayam,500g,1021,Walking Customer,1,36000,0,"36,000.00",Nuget
495,10/26/2023,Champ Crunchy Ayam,225g,1021,Walking Customer,1,18000,0,"18,000.00",Nuget
496,10/26/2023,Kanzler Crispy Chicken,450g,1021,Walking Customer,1,42000,0,"42,000.00",Nuget
497,10/24/2023,Bakso Warisan AB,700g,1020,Walking Customer,0.51725,29000,0,"15,000.25",Bakso
498,10/24/2023,Sunfish Fish Roll,250g,1020,Walking Customer,1,15000,0,"15,000.00",Fishroll
499,10/24/2023,Kanzler Beef Coktail,250g,1020,Walking Customer,2,31000,0,"62,000.00",Sosis
500,10/24/2023,Sunfish Fish Dumpling Cheese,500g,1020,Walking Customer,1,27000,0,"27,000.00",Dumpling
501,10/24/2023,Vigo Sosis Bakar,550g,1020,Walking Customer,1,26000,0,"26,000.00",Sosis
502,10/24/2023,Akumo Ayam,250g,1020,Walking Customer,1,14000,0,"14,000.00",Nuget
503,10/24/2023,Real Good Susu,50ml,1020,Walking Customer,10,1500,0,"15,000.00",Lainnya
504,10/24/2023,Roti Bernard Burger,500g,1020,Walking Customer,1,16000,0,"16,000.00",Roti
505,10/24/2023,Yona Smoke Beef,250g,1020,Walking Customer,1,28000,0,"28,000.00",Smoke Beef
506,10/24/2023,Roti Goreng Coklat Keju,500g,1020,Walking Customer,1,20000,0,"20,000.00",Roti
507,10/24/2023,Champ Crunchy Ayam,225g,1020,Walking Customer,1,18000,0,"18,000.00",Nuget
508,10/23/2023,Champ Crunchy Ayam,225g,1019,Walking Customer,1,18000,0,"18,000.00",Nuget
509,10/23/2023,Champ Crunchy Ayam,225g,1019,Walking Customer,2,18000,0,"36,000.00",Nuget
510,10/23/2023,Donat Kentang 3D Mini,500g,1019,Walking Customer,1,20000,0,"20,000.00",Roti
511,10/23/2023,So Eco Nugget Ayam,1Kg,1019,Walking Customer,1,33000,0,"33,000.00",Nuget
512,10/23/2023,Harmoni Sosis Sapi,500g,1019,Walking Customer,1,33000,0,"33,000.00",Sosis
513,10/22/2023,Cedea Fish Roll,500g,1018,Walking Customer,1,25000,0,"25,000.00",Fishroll
514,10/21/2023,Vigo Sosis Bakar,550g,1017,Walking Customer,1,27000,0,"27,000.00",Sosis
515,10/21/2023,Fiesta Shoestring,500g,1017,Walking Customer,1,25000,0,"25,000.00",Kentang
516,10/20/2023,So Eco Nugget Ayam,1Kg,1016,Walking Customer,1,33000,0,"33,000.00",Nuget
517,10/20/2023,Otak-Otak Sanjaya,1Kg,1016,Walking Customer,1,20000,0,"20,000.00",Lainnya
518,10/20/2023,Ardena Fish Roll,250g,1016,Walking Customer,1,16000,0,"16,000.00",Fishroll
519,10/18/2023,So Nice,250g,1015,Walking Customer,1,14000,0,"14,000.00",Sosis
520,10/18/2023,Kanzler Crispy Chicken,450g,1015,Walking Customer,1,42000,0,"42,000.00",Nuget
521,10/17/2023,So Nice,750g,1014,Walking Customer,1,30000,0,"30,000.00",Sosis
522,10/17/2023,So Nice,250g,1014,Walking Customer,2,14000,0,"28,000.00",Sosis
523,10/17/2023,Vigo Sosis Bakar,550g,1014,Walking Customer,2,27000,0,"54,000.00",Sosis
524,10/17/2023,Kanzler Crispy Chicken Premium,450g,1014,Walking Customer,1,42000,0,"42,000.00",Nuget
525,10/17/2023,Bakso Warisan AB,700g,1014,Walking Customer,0.275868,29000,0,"8,000.17",Bakso
526,10/17/2023,So Eco Nugget Ayam,1Kg,1014,Walking Customer,1,33000,0,"33,000.00",Nuget
527,10/16/2023,So Nice,250g,1013,Walking Customer,1,14000,0,"14,000.00",Sosis
528,10/16/2023,Teman Laut Bakso Ikan,200g,1013,Walking Customer,1,12000,0,"12,000.00",Bakso
529,10/16/2023,Akumo Ayam,250g,1013,Walking Customer,1,14000,0,"14,000.00",Nuget
530,10/16/2023,Fiva Rolade Beef Roll,400g,1013,Walking Customer,1,25000,0,"25,000.00",Lainnya
531,10/16/2023,Vigo Sosis Bakar,550g,1013,Walking Customer,1,27000,0,"27,000.00",Sosis
532,10/16/2023,Fiesta Crispy Crunch Kulit Ayam,300g,1013,Walking Customer,1,28000,0,"28,000.00",Nuget
533,10/16/2023,Salam Nugget Ayam,1Kg,1013,Walking Customer,1,35000,0,"35,000.00",Nuget
534,10/15/2023,Kanzler Crispy Chicken,450g,1012,Walking Customer,1,42000,0,"42,000.00",Nuget
535,10/15/2023,Champ Chicken Sausage,375g,1012,Walking Customer,1,20000,0,"20,000.00",Sosis
536,10/15/2023,Egg Chicken Roll,250g,1012,Walking Customer,1,23000,0,"23,000.00",Lainnya
537,10/15/2023,Cedea Fish Dumpling Cheese,500g,1012,Walking Customer,1,30000,0,"30,000.00",Dumpling
538,10/14/2023,Mydibel Shoe String,1Kg,1011,Walking Customer,1,37000,0,"37,000.00",Kentang
539,10/14/2023,So Nice,250g,1011,Walking Customer,1,14000,0,"14,000.00",Sosis
540,10/14/2023,Cheese Mozarella Zayco313,313g,1011,Walking Customer,2,33000,0,"66,000.00",Bumbu
541,10/14/2023,Cheese Mozarella Zayco313,313g,1011,Walking Customer,1,34000,0,"34,000.00",Bumbu
542,10/12/2023,Cheese Mozarella Zayco313,313g,1009,Walking Customer,1,34000,0,"34,000.00",Bumbu
543,10/12/2023,Otak-Otak Sanjaya,1Kg,1009,Walking Customer,1,20000,0,"20,000.00",Lainnya
544,10/12/2023,Ardena Fish Roll,250g,1010,Walking Customer,1,16000,0,"16,000.00",Fishroll
545,10/12/2023,Kanzler Beef Coktail,250g,1010,Walking Customer,1,31000,0,"31,000.00",Sosis
546,10/12/2023,Kaki Naga Sunfish,500g,1010,Walking Customer,1,20000,0,"20,000.00",Lainnya
547,10/12/2023,Cedea Fish Dumpling Cheese,500g,1010,Walking Customer,1,27000,0,"27,000.00",Dumpling
548,10/12/2023,Kanzler Crispy Chicken,450g,1010,Walking Customer,1,42000,0,"42,000.00",Nuget
549,10/12/2023,Cedea Crab Stick,250g,1010,Walking Customer,1,17000,0,"17,000.00",Lainnya
550,10/12/2023,Kanzler Beef Coktail,250g,1009,Walking Customer,1,31000,0,"31,000.00",Sosis
551,10/12/2023,Kanzler Crispy Chicken,120g,1009,Walking Customer,1,15000,0,"15,000.00",Nuget
552,10/11/2023,Cedea Fish Dumpling Cheese,200g,1008,Walking Customer,1,15000,0,"15,000.00",Dumpling
553,10/11/2023,Vigo Sosis Bakar,550g,1008,Walking Customer,1,27000,0,"27,000.00",Sosis
554,10/11/2023,Bakso Warisan AB,700g,1008,Walking Customer,1,29000,0,"29,000.00",Bakso
555,10/11/2023,Sunfish Fish Roll,250g,1008,Walking Customer,1,17000,0,"17,000.00",Fishroll
556,10/11/2023,Cedea Bakso Ikan,500g,1008,Walking Customer,1,27000,0,"27,000.00",Bakso
557,10/11/2023,Vigo Sosis Bakar,550g,1008,Walking Customer,1,27000,0,"27,000.00",Sosis
558,10/11/2023,Bakso Warisan AB,700g,1008,Walking Customer,1,29000,0,"29,000.00",Bakso
559,10/11/2023,Bakso Warisan AB Urat,700g,1008,Walking Customer,1,29000,0,"29,000.00",Bakso
560,10/10/2023,Bakso Warisan AB,700g,1007,Walking Customer,1,29000,0,"29,000.00",Bakso
561,10/10/2023,Cheese Mozarella Zayco313,313g,1007,Walking Customer,2,33000,0,"66,000.00",Bumbu
562,10/10/2023,Kanzler Beef Coktail,250g,1007,Walking Customer,2,31000,0,"62,000.00",Sosis
563,10/10/2023,Kanzler Crispy Chicken Premium,450g,1007,Walking Customer,1,45000,0,"45,000.00",Nuget
564,10/8/2023,So Nice Ayam,1Kg,1006,Walking Customer,1,32000,0,"32,000.00",Sosis
565,10/8/2023,Akumo Ayam,250g,1006,Walking Customer,1,14000,0,"14,000.00",Nuget
566,10/7/2023,Bakso Warisan AB,700g,1005,Walking Customer,2,29000,0,"58,000.00",Bakso
567,10/7/2023,Harmoni Sosis Sapi,500g,1005,Walking Customer,1,33000,0,"33,000.00",Sosis
568,10/7/2023,Vigo Sosis Bakar,550g,1005,Walking Customer,1,27000,0,"27,000.00",Sosis
569,10/7/2023,Kanzler Crispy Chicken,120g,1005,Walking Customer,1,15000,0,"15,000.00",Nuget
570,10/7/2023,Kanzler Crispy Chicken,120g,1005,Walking Customer,1,15000,0,"15,000.00",Nuget
571,10/6/2023,Donat Kentang 3D Mini,500g,1004,Walking Customer,2,20000,0,"40,000.00",Roti
572,10/6/2023,So Nice,250g,1004,Walking Customer,1,14000,0,"14,000.00",Sosis
573,10/6/2023,Akumo Ayam,250g,1004,Walking Customer,1,14000,0,"14,000.00",Nuget
574,10/6/2023,Belfood Ayam,500g,1004,Walking Customer,1,37000,0,"37,000.00",Nuget
575,10/6/2023,Mydibel Shoe String,1Kg,1004,Walking Customer,1,37000,0,"37,000.00",Kentang
576,10/6/2023,Cedea Fish Dumpling Cheese,500g,1004,Walking Customer,1,29000,0,"29,000.00",Dumpling
577,10/6/2023,So Nice,750g,1004,Walking Customer,0.2,30000,0,"6,000.00",Sosis
578,10/6/2023,Teman Laut Bakso Ikan,200g,1004,Walking Customer,1,12000,0,"12,000.00",Bakso
579,10/5/2023,Beef Slice teriyaki premium,500g,1003,Walking Customer,1,60000,0,"60,000.00",Beef Slice
580,10/5/2023,Champ Beef Sausage,375g,1003,Walking Customer,1,35000,0,"35,000.00",Sosis
581,10/5/2023,Bakso Warisan AB,700g,1003,Walking Customer,1,29000,0,"29,000.00",Bakso
582,10/5/2023,Kanzler Beef Coktail,250g,1003,Walking Customer,2,31000,0,"62,000.00",Sosis
583,10/5/2023,Sunfish Fish Roll,250g,1003,Walking Customer,1,15000,0,"15,000.00",Fishroll
584,10/5/2023,Cedea Steamboat Dashi,300g,1003,Walking Customer,1,25000,0,"25,000.00",steamboat
585,10/5/2023,Bakso Tomyam Ikan Mix,500g,1003,Walking Customer,1,33000,0,"33,000.00",Bakso
586,10/5/2023,Vigo Sosis Bakar,550g,1003,Walking Customer,1,27000,0,"27,000.00",Sosis
587,10/4/2023,Kebab Mini,250g,1002,Walking Customer,1,28000,0,"28,000.00",Lainnya
588,10/4/2023,Sunfish Fish Roll,250g,1002,Walking Customer,1,15000,0,"15,000.00",Fishroll
589,10/4/2023,Yona Sosis Sapi,80g,1002,Walking Customer,3,6000,0,"18,000.00",Sosis
590,10/4/2023,Bakso Warisan AB,700g,1002,Walking Customer,2,29000,0,"58,000.00",Bakso
591,10/4/2023,Fiesta Shoestring,500g,1002,Walking Customer,1,25000,0,"25,000.00",Kentang
592,10/4/2023,Fiesta Shoestring,500g,1002,Walking Customer,1,25000,0,"25,000.00",Kentang
593,10/4/2023,So Nice,250g,1002,Walking Customer,1,14000,0,"14,000.00",Sosis
594,10/4/2023,Champ Crunchy Ayam,225g,1002,Walking Customer,1,18000,0,"18,000.00",Nuget
595,10/4/2023,Kaki Naga Minaki,200g,1002,Walking Customer,1,22000,0,"22,000.00",Lainnya
596,10/3/2023,Fiesta Batter Coated,500g,1000,Walking Customer,1,30000,0,"30,000.00",Kentang
597,10/3/2023,Kebab Mini,250g,1000,Walking Customer,1,28000,0,"28,000.00",Lainnya
598,10/3/2023,Kanzler Beef Coktail,250g,1000,Walking Customer,1,31000,0,"31,000.00",Sosis
599,10/3/2023,Akumo Ayam,500g,1000,Walking Customer,2,25000,0,"50,000.00",Nuget
600,10/3/2023,Kanzler Crispy Chicken,120g,1000,Walking Customer,1,15000,0,"15,000.00",Nuget
601,10/3/2023,Cedea Crab Stick,250g,1000,Walking Customer,1,15000,0,"15,000.00",Lainnya
602,10/3/2023,Roti Bernard Hot Dog,250g,1000,Walking Customer,1,16000,0,"16,000.00",Roti
603,10/3/2023,Mayonnaise Maestro,180g,1000,Walking Customer,1,10000,0,"10,000.00",Bumbu
604,10/2/2023,Bakso Kumis,700g,1001,Walking Customer,1,48000,0,"48,000.00",Bakso
